Season Number,Episode Number,Pitch Number,Startup Name,Industry,Business Description,Pitchers Gender,Entrepreneur Names,Company Website,Original Ask Amount,Valuation Requested,Got Deal,Total Deal Amount,Total Deal Equity,Deal Valuation,Number of sharks in deal,Investment Amount Per Shark,Equity Per Shark,Barbara Corcoran Investment Amount,Barbara Corcoran Investment Equity,Mark Cuban Investment Amount,Mark Cuban Investment Equity,Lori Greiner Investment Amount,Lori Greiner Investment Equity,Robert Herjavec Investment Amount,Robert Herjavec Investment Equity,Daymond John Investment Amount,Daymond John Investment Equity,Kevin O Leary Investment Amount,Kevin O Leary Investment Equity,Guest Investment Amount,Guest Investment Equity,Guest Name,Barbara Corcoran Present,Mark Cuban Present,Lori Greiner Present,Robert Herjavec Present,Daymond John Present,Kevin O Leary Present
1,1,1,AvaTheElephant,Health/Wellness,Ava The Elephant - Baby and Child Care,Female,Tiffany Krumins,http://www.avatheelephant.com/,50000,333333,1,50000,55,90909,1,50000,55,50000,55,,,,,,,,,,,,,,1,0,0,1,1,1
1,1,2,Mr.Tod'sPieFactory,Food and Beverage,Mr. Tod's Pie Factory - Specialty Food,Male,Tod Wilson,http://whybake.com/,460000,4600000,1,460000,50,920000,2,230000,25,230000,25,,,,,,,230000,25,,,,,,1,0,0,1,1,1
1,1,3,Wispots,Business Services,Wispots - Consumer Services,Male,Kevin Flannery,http://www.wispots.com/,1200000,12000000,0,,,,,,,,,,,,,,,,,,,,,,1,0,0,1,1,1
1,1,4,CollegeFoxesPackingBoxes,Lifestyle/Home,College Foxes Packing Boxes - Consumer Services,Male,Nick Friedman_ Omar Soliman,http://collegehunkshaulingjunk.com/,250000,1000000,0,,,,,,,,,,,,,,,,,,,,,,1,0,0,1,1,1
1,1,5,IonicEar,Software/Tech,Ionic Ear - Novelties,Male,Darrin Johnson,,1000000,6666667,0,,,,,,,,,,,,,,,,,,,,,,1,0,0,1,1,1
1,2,6,APerfectPear,Food and Beverage,A Perfect Pear - Specialty Food,Female,Susan Knapp,http://www.aperfectpear.com,500000,3333333,1,500000,50,1000000,2,250000,25,,,,,,,250000,25,,,250000,25,,,,1,0,0,1,1,1
1,2,7,ClassroomJams,Children/Education,Classroom Jams - Education,Male,Mark Furigay,http://www.attachnoted.com/,250000,2500000,1,250000,100,250000,5,50000,20,50000,20,50000,20,,,50000,20,50000,20,50000,20,,,,1,0,0,1,1,1
1,2,8,Lifebelt,Automotive,Lifebelt - Automotive,Male,Robert Alison,,500000,5000000,0,,,,,,,,,,,,,,,,,,,,,,1,0,0,1,1,1
1,2,9,CrookedJaw,Fashion/Beauty,Crooked Jaw - Men and Women's Apparel,Male,Craig French,http://crookedjawfashions.com/,200000,1000000,0,,,,,,,,,,,,,,,,,,,,,,1,0,0,1,1,1
1,2,10,StickyNoteHolder,Lifestyle/Home,Sticky Note Holder - Productivity Tools,Female,Mary Ellen Simonson,,100000,500000,0,,,,,,,,,,,,,,,,,,,,,,1,0,0,1,1,1
1,3,11,TurboBaster,Food and Beverage,TurboBaster - Kitchen Tools,Female,Marian Cruz,,35000,100000,1,35000,100,35000,1,35000,100,,,,,,,,,,,,,35000,100,Kevin Harrington,1,0,0,1,1,1
1,3,12,StressFreeKids,Children/Education,Stress Free Kids - Baby and Child Care,Female,Lori Lite,http://www.stressfreekids.com,250000,1250000,1,250000,50,500000,1,250000,50,250000,50,,,,,,,,,,,,,,1,0,0,1,1,1
1,3,13,KwyztaChopstickArt,Children/Education,Kwyzta Chopstick Art - Kitchen Tools,Male,Brian Parks,http://www.chopstickart.com/,100000,1000000,0,,,,,,,,,,,,,,,,,,,,,,1,0,0,1,1,1
1,3,14,50StateCapitalsin50Minutes,Children/Education,50 State Capitals in 50 Minutes - Education,Male,Ken Bradford,http://www.amazon.com/50-State-Capitals-Fun-Minutes/dp/0967970822,155000,1550000,0,,,,,,,,,,,,,,,,,,,,,,1,0,0,1,1,1
1,3,15,VoyageAirGuitar,Media/Entertainment,Voyage Air Guitar - Music,Male,Jeff_ Josh Cohen,http://www.voyageairguitar.com/,500000,10000000,0,,,,,,,,,,,,,,,,,,,,,,1,0,0,1,1,1
1,4,16,GiftCardRescue,Software/Tech,Gift Card Rescue - Online Services,Male,Kwami Kuadey,http://www.giftcardrescue.com,150000,500000,1,200000,50,400000,2,100000,25,,,,,,,100000,25,,,100000,25,,,,1,0,0,1,1,1
1,4,17,Coverplay,Children/Education,Coverplay - Baby and Child Care,Female,Amy Feldman_ Allison Costa,http://www.coverplayard.com/,350000,2333333,1,35000,40,87500,1,35000,40,35000,40,,,,,,,,,,,,,,1,0,0,1,1,1
1,4,18,GraffitiRemovalServices,Business Services,Graffiti Removal Services - Professional Services,Male,Paul Watts,http://removegraffiti.net/,350000,2333333,0,,,,,,,,,,,,,,,,,,,,,,1,0,0,1,1,1
1,4,19,SoulsCalling,Fashion/Beauty,Soul's Calling Inc. - Women's Accessories,Female,Gina Catroneo,,150000,600000,0,,,,,,,,,,,,,,,,,,,,,,1,0,0,1,1,1
1,4,20,CoffeeBrandGifts,Food and Beverage,Coffee Brand Gifts - Novelties,Male,Dan Claffey,,300000,750000,0,,,,,,,,,,,,,,,,,,,,,,1,0,0,1,1,1
1,5,21,MyTherapyJournal,Health/Wellness,My Therapy Journal - Online Services,Male,Rodolfo_ Alexis Saccoman,http://www.mytherapyjournal.com,80000,400000,1,80000,51,156863,2,40000,25.5,,,,,,,40000,25.5,,,40000,25.5,,,,1,0,0,1,1,1
1,5,22,BodyJac,Fitness/Sports/Outdoors,Body Jac - Fitness Equipment,Male,Cactus Jack,,180000,900000,1,180000,50,360000,1,180000,50,180000,50,,,,,,,,,,,,,,1,0,0,1,1,1
1,5,23,GoodGriefCelebrations,Business Services,Good Grief Celebrations - Consumer Services,Female,Rikki Farrar,,50000,200000,0,,,,,,,,,,,,,,,,,,,,,,1,0,0,1,1,1
1,5,24,GranolaGourmet,Food and Beverage,Granola Gourmet - Specialty Food,Male,Jeff Cohen,http://www.granolagourmet.com/,175000,700000,0,,,,,,,,,,,,,,,,,,,,,,1,0,0,1,1,1
1,5,25,FaceBlok,Health/Wellness,Face Blok - Novelties,Female,Irena Blok,,50000,166667,0,,,,,,,,,,,,,,,,,,,,,,1,0,0,1,1,1
1,6,26,PorkBarrelBBQSauce,Food and Beverage,Pork Barrel BBQ Sauce - Specialty Food,Male,Heath Hall_ Brett Thompson,http://porkbarrelbbq.com/,50000,500000,1,50000,50,100000,1,50000,50,50000,50,,,,,,,,,,,,,,1,0,0,1,1,1
1,6,27,ElementBars,Fitness/Sports/Outdoors,Element Bars - Specialty Food,Male,Jonathan Miller,http://www.elementbars.com/,150000,1000000,1,150000,30,500000,1,150000,30,,,,,,,,,,,,,150000,30,Kevin Harrington,1,0,0,1,1,1
1,6,28,UndereaseUnderwear,Fashion/Beauty,Underease Underwear - Undergarments and Basics,Mixed Team,Buck_ Arlene Weimer,,55000,220000,0,,,,,,,,,,,,,,,,,,,,,,1,0,0,1,1,1
1,6,29,KalyxTechnologies,Fashion/Beauty,Kalyx Technologies - Undergarments and Basics,Female,Kimberly Cayce,http://www.activewearusa.com/store/pc/Kalyx-Sport-Bras-c824.htm,125000,625000,0,,,,,,,,,,,,,,,,,,,,,,1,0,0,1,1,1
1,6,30,TheFizz,Food and Beverage,The Fizz - Non-Alcoholic Beverages,Male,David Chodosh,http://www.icecreamfizz.com/,150000,600000,0,,,,,,,,,,,,,,,,,,,,,,1,0,0,1,1,1
1,7,31,Soy-Yer-Dough,Food and Beverage,Soy-Yer-Dough - Toys and Games,Male,Sawyer Sparks,http://www.soy-yer.com/,125000,500000,1,300000,51,588235,3,100000,17,,,,,,,100000,17,100000,17,100000,17,,,,1,0,0,1,1,1
1,7,32,GrillCharmsSet,Fashion/Beauty,Grill Charms Set - Kitchen Tools,Female,Leslie Haywood,http://www.grillcharms.com,50000,200000,1,50000,20,250000,1,50000,20,,,,,,,50000,20,,,,,,,,1,0,0,1,1,1
1,7,33,BoogieBoxFitness,Fitness/Sports/Outdoors,Boogie Box Fitness - Fitness Programs,Female,Dedelle Parra (now Dede Barbanti)_ Kathy Lamm,,700000,1000000,0,,,,,,,,,,,,,,,,,,,,,,1,0,0,1,1,1
1,7,34,TheFunhouseProject,Media/Entertainment,The Fun house Project - Entertainment,Male,Todd Robbins_ David Adamovich,,300000,1500000,0,,,,,,,,,,,,,,,,,,,,,,1,0,0,1,1,1
1,8,35,TreasureChestPets,Pet Products,Treasure Chest Pets - Toys and Games,Female,Lisa Lloyd,,150000,750000,1,100000,60,166667,2,50000,30,50000,30,,,,,,,50000,30,,,,,,1,0,0,1,1,1
1,8,36,Notehall,Software/Tech,Notehall - Online Services,Male,D.J. Stephan_ Sean Conway,http://www.notehall.com,90000,900000,1,90000,25,360000,1,90000,25,90000,25,,,,,,,,,,,,,,1,0,0,1,1,1
1,8,37,Throx,Fashion/Beauty,Throx - Undergarments and Basics,Male,Edwin Heaven,http://www.throx.com,50000,200000,0,,,,,,,,,,,,,,,,,,,,,,1,0,0,1,1,1
1,8,38,WashedUpHollywood,Fashion/Beauty,Washed Up Hollywood - Fashion Accessories,Male,Danon Beres,,500000,2000000,0,,,,,,,,,,,,,,,,,,,,,,1,0,0,1,1,1
1,9,39,GaylaBentleyFashion,Fashion/Beauty,Gayla Bentley Fashion - Women's Apparel,Female,Gayla Bentley,http://www.gaylabentley.com/,250000,1250000,1,250000,50,500000,2,125000,25,125000,25,,,,,,,125000,25,,,,,,1,0,0,1,1,1
1,9,40,ChillSoda,Food and Beverage,Chill Soda - Non-Alcoholic Beverages,Male,Dan Mackey,http://www.chillsoda.com/,50000,500000,1,50000,20,250000,1,50000,20,50000,20,,,,,,,,,,,,,,1,0,0,1,1,1
1,9,41,CornucopiaExpress,Pet Products,Cornucopia Express - Pet Products,Male,Geoffrey Broderick_ Kristina Broderick,http://www.cornucopiapetfoods.com/,300000,2000000,0,,,,,,,,,,,,,,,,,,,,,,1,0,0,1,1,1
1,9,42,VirtuSphere,Electronics,Virtusphere - Electronics,Male,Ray Latypov_ Jim Dimascio,http://www.virtusphere.com/,1500000,15000000,0,,,,,,,,,,,,,,,,,,,,,,1,0,0,1,1,1
1,10,43,TheUROClub,Fitness/Sports/Outdoors,The UROClub - Golf Products,Male,Floyd Seskin,http://www.uroclub.com/,25000,49020,1,25000,70,35714,1,25000,70,,,,,,,,,,,,,25000,70,Kevin Harrington,1,0,0,1,1,1
1,10,44,JumpForward,Children/Education,Jump Forward - Online Services,Male,Brian Duggan_ Adam McCombs,http://www.jumpforward.com/,150000,1500000,1,600000,50,1200000,2,300000,25,,,,,,,300000,25,,,300000,25,,,,1,0,0,1,1,1
1,10,45,TheBobblePlace,Children/Education,The Bobble Place - Toys and Games,Male,Jeff Wolsky,http://www.webobble.com/,75000,416667,0,,,,,,,,,,,,,,,,,,,,,,1,0,0,1,1,1
1,10,46,Mr.Poncho,Electronics,Mr. Poncho - Electronics,Mixed Team,Hyun_ Roman Pietrs,,50000,200000,0,,,,,,,,,,,,,,,,,,,,,,1,0,0,1,1,1
1,11,47,HellsBellsHelmets,Fitness/Sports/Outdoors,Hells Bells Helmets - Outdoor Recreation,Mixed Team,Marix Stone_ Nancy Tanchel,http://www.hellsbellscustoms.com/,500000,2500000,1,500000,50,1000000,1,500000,50,,,,,,,,,500000,50,,,,,,1,0,0,1,1,1
1,11,48,ChefInBlack,Food and Beverage,Chef In Black - Specialty Food,Female,Dorene Humason,http://chefinblack.com/,50000,500000,1,50000,40,125000,1,50000,40,50000,40,,,,,,,,,,,,,,1,0,0,1,1,1
1,11,49,InkFlip,Electronics,Ink Flip - Electronics,Male,Sperry,http://www.inkflip.com/,150000,750000,0,,,,,,,,,,,,,,,,,,,,,,1,0,0,1,1,1
1,11,50,RompN'Roll,Children/Education,Romp n' Roll - Baby and Children's Entertainment,Mixed Team,Michael_ Babz Barnett,http://www.rompnroll.com/,300000,3000000,0,,,,,,,,,,,,,,,,,,,,,,1,0,0,1,1,1
1,11,51,TheTwister,Fitness/Sports/Outdoors,The Twister - Golf Products,Male,Alfonzo Dowe_ Sr.,,85000,212500,0,,,,,,,,,,,,,,,,,,,,,,1,0,0,1,1,1
1,12,52,GreaseMonkeyWipes,Lifestyle/Home,Grease Monkey Wipes - Outdoor Recreation,Mixed Team,Tim Stansbury_ Erin Whalen,http://www.greasemonkeywipes.com/,40000,100000,1,40000,40,100000,2,20000,20,20000,20,,,,,20000,20,,,,,,,,1,0,0,1,1,1
1,12,53,WeeCanShop,Children/Education,Wee Can Shop - Baby and Children's Entertainment,Mixed Team,Kimberly_ Matthew Foley,,200000,666667,0,,,,,,,,,,,,,,,,,,,,,,1,0,0,1,1,1
1,12,54,Podillow,Lifestyle/Home,The Podillow - Novelties,Mixed Team,Anthony_ Tina Calvert,http://www.podillow.com/,250000,757576,0,,,,,,,,,,,,,,,,,,,,,,1,0,0,1,1,1
1,12,55,TheFactionist,Fashion/Beauty,The Factionist - Men and Women's Apparel,Male,Nate Berkopec,,30000,150000,0,,,,,,,,,,,,,,,,,,,,,,1,0,0,1,1,1
1,13,56,Caffeindicator,Food and Beverage,Caffeindicator - Novelties,Male,Michael Schiavone,http://www.llamabrew.com/,200000,800000,1,200000,50,400000,1,200000,50,,,,,,,,,,,,,200000,50,Kevin Harrington,1,0,0,1,1,1
1,13,57,LipstickRemix,Fashion/Beauty,Lipstick Remix - Personal Care and Cosmetics,Female,Jill Quilln,http://www.lipstixremix.com/,105000,350000,1,105000,50,210000,2,52500,25,52500,25,,,,,,,52500,25,,,,,,1,0,0,1,1,1
1,13,58,LegalGrind,Business Services,Legal Grind - Professional Services,Mixed Team,Jeff_ Annie Hughes,http://www.legalgrind.com/,200000,1333333,0,,,,,,,,,,,,,,,,,,,,,,1,0,0,1,1,1
1,13,59,CaptainIceCream,Food and Beverage,Captain Ice Cream - Specialty Food,Male,Tim Gavern,,48000,192000,0,,,,,,,,,,,,,,,,,,,,,,1,0,0,1,1,1
1,14,60,Nubrella,Fashion/Beauty,Nubrella - Novelties,Male,Alan Kaufman,http://nubrella.com/,200000,800000,1,200000,51,392157,1,200000,51,,,,,,,,,200000,51,,,,,,1,0,0,1,1,1
1,14,61,Qubits,Children/Education,Qubits - Toys and Games,Male,Mark Burginger,http://www.qubitstoy.com/,90000,176471,1,90000,51,176471,1,90000,51,,,,,,,,,90000,51,,,,,,1,0,0,1,1,1
1,14,62,SendABall,Children/Education,Send A Ball - Novelties,Female,Michele Kapustka_ Melisa Moroko,http://www.sendaball.com/,86000,430000,0,,,,,,,,,,,,,,,,,,,,,,1,0,0,1,1,1
1,14,63,PillarsOfSlippers,Fashion/Beauty,Pillars of Slippers - Women's Shoes,Female,Nicole Jones,,150000,1000000,0,,,,,,,,,,,,,,,,,,,,,,1,0,0,1,1,1
1,14,64,LlamaBrew,Green/CleanTech,Llama Brew - Gardening,Mixed Team,Aida_ Phil Lough,,125000,1250000,0,,,,,,,,,,,,,,,,,,,,,,1,0,0,1,1,1
2,1,65,WurkinStiffs,Fashion/Beauty,Wurkin Stiffs - Men's Accessories,Male,Jonathan Boos,http://wurkinstiffs.com/,85000,850000,1,100000,40,250000,2,50000,20,50000,20,,,,,,,50000,20,,,,,,1,1,0,1,1,1
2,1,66,TippiToes,Fitness/Sports/Outdoors,Tippi Toes - Baby and Children's Entertainment,Female,Megan Reilly_ Sarah Nuse,http://www.tippitoesdance.com/,30000,600000,1,100000,30,333333,2,50000,15,50000,15,50000,15,,,,,,,,,,,,1,1,0,1,1,1
2,1,67,CBSFoods,Food and Beverage,CBS Foods - Specialty Food,Male,Shawn Davis,,200000,800000,0,,,,,,,,,,,,,,,,,,,,,,1,1,0,1,1,1
2,1,68,CopadiVino,Food and Beverage,Copa di Vino - Alcoholic Beverages,Male,James Martin,http://www.copadivino.com/,300000,6000000,0,,,,,,,,,,,,,,,,,,,,,,1,1,0,1,1,1
2,2,69,Toygaroo,Children/Education,Toygaroo - Toys and Games,Female,Nikki Pope,,100000,1000000,1,200000,35,571429,2,100000,17.5,,,100000,17.5,,,,,,,100000,17.5,,,,1,1,0,1,1,1
2,2,70,FirstDefenseNasalScreen,Health/Wellness,First Defense Nasal Screen - Health and Well-Being,Male,Joe Moore,http://www.filteryourlife.com/,500000,5000000,1,750000,30,2500000,3,250000,10,,,250000,10,,,250000,10,250000,10,,,,,,1,1,0,1,1,1
2,2,71,Vurtego,Fitness/Sports/Outdoors,Vurtego - Toys and Games,Male,Brian Spencer,http://www.vurtegopogo.com/,500000,2500000,0,,,,,,,,,,,,,,,,,,,,,,1,1,0,1,1,1
2,2,72,Waken'Bacon,Food and Beverage,Wake n' Bacon - Novelties,Male,Matty Sallin,http://www.fitnessstride.com,40000,200000,0,,,,,,,,,,,,,,,,,,,,,,1,1,0,1,1,1
2,3,73,ModMomFurniture,Lifestyle/Home,Mod Mom Furniture - Furniture,Female,Kiersten Hathcock,http://www.modmomfurniture.com/,90000,360000,1,90000,33,272727,1,90000,33,,,,,,,90000,33,,,,,,,,1,0,0,1,1,1
2,3,74,Flipoutz,Fashion/Beauty,Flipoutz - Toys and Games coins,Mixed Team,Jake_ Lachl___ Erin Johnson,http://www.flipoutz.com/,100000,500000,1,100000,25,400000,1,100000,25,,,,,,,,,100000,25,,,,,,1,0,0,1,1,1
2,3,75,FitnessStride,Fitness/Sports/Outdoors,Fitness Stride - Fitness Apparel and Accessories,Male,Stacy Erwin,,140000,933333,0,,,,,,,,,,,,,,,,,,,,,,1,0,0,1,1,1
2,3,76,PureAyre,Lifestyle/Home,Pure Ayre - Storage and Cleaning Products,Male,James Mitchell,http://www.pureayre.com/,150000,1500000,0,,,,,,,,,,,,,,,,,,,,,,1,0,0,1,1,1
2,4,77,BroccoliWad,Food and Beverage,Broccoli Wad - Novelties,Male,Johnny Gennaro & Vinny Pastore,http://amzn.to/1AcWx1t,50000,250000,1,50000,40,125000,1,50000,40,50000,40,,,,,,,,,,,,,,1,0,0,1,1,1
2,4,78,HillbillyBrand,Fashion/Beauty,Hillbilly Brand - Men and Women's Apparel,Male,Mike Abbaticchio & Shon Lees,http://www.hillbillybrand.com/,50000,200000,1,75000,25,300000,2,37500,12.5,,,,,,,37500,12.5,37500,12.5,,,,,,1,0,0,1,1,1
2,4,79,Ride-OnCarry-On,Travel,Ride-On Carry-On - Baby and Child Care,Mixed Team,Darryl_ R_y Lenz,http://www.rideoncarryon.com/,50000,200000,1,50000,25,200000,1,50000,25,50000,25,,,,,,,,,,,,,,1,0,0,1,1,1
2,4,80,UncleZip'sBeefJerky,Food and Beverage,Uncle Zip's Beef Jerky - Specialty Food,Male,Ken Howell,http://unclezipsjerky.com/,25000,125000,0,,,,,,,,,,,,,,,,,,,,,,1,0,0,1,1,1
2,5,81,Lightfilm,Automotive,Lightfilm - Automotive  for car windows,Male,George Podd_ Rolf Schwartz,,100000,2000000,1,10000,70,14286,2,5000,35,,,,,,,5000,35,5000,35,,,,,,1,0,0,1,1,1
2,5,82,FridgeFronts,Lifestyle/Home,Fridge Fronts - Home Improvement,Female,Jan Augenstein,http://www.fridgefronts.com/,100000,333333,1,100000,50,200000,2,50000,25,50000,25,,,,,,,,,50000,25,,,,1,0,0,1,1,1
2,5,83,NewEraBrands,Fashion/Beauty,New Era Brands - Novelties contact lens cases,Male,Bob Kroupa,,500000,1666667,0,,,,,,,,,,,,,,,,,,,,,,1,0,0,1,1,1
2,5,84,ThinGloss,Fashion/Beauty,Thin Gloss - Personal Care and Cosmetics,Female,April Morris,,80000,400000,0,,,,,,,,,,,,,,,,,,,,,,1,0,0,1,1,1
2,6,85,SweepEasy,Lifestyle/Home,Sweep Easy - Storage and Cleaning Products,Male,Shane Pannell,http://buysweepeasy.com/,40000,160000,1,75000,33,227273,1,75000,33,,,,,,,,,75000,33,,,,,,1,0,0,1,1,1
2,6,86,DaisyCakes,Food and Beverage,Daisy Cakes - Specialty Food,Female,Kim Nelson,https://www.ilovedaisycakes.com/,50000,200000,1,50000,25,200000,1,50000,25,50000,25,,,,,,,,,,,,,,1,0,0,1,1,1
2,6,87,HotMamaGowns,Fashion/Beauty,Hot Mama Gowns - Maternity gowns,Female,Deidrea Haysel,http://www.hotmamagowns.com/,30000,150000,0,,,,,,,,,,,,,,,,,,,,,,1,0,0,1,1,1
2,6,88,CaddySwag,Fitness/Sports/Outdoors,Caddy Swag - Golf Products,Mixed Team,Melissa_ Ben Fossey,,60000,300000,0,,,,,,,,,,,,,,,,,,,,,,1,0,0,1,1,1
2,7,89,Hydromax,Fitness/Sports/Outdoors,Hydromax - Fitness Apparel and Accessories,Male,Chris Spencer,http://www.hydromaxsystem.com/,50000,200000,1,50000,50,100000,1,50000,50,,,,,,,,,,,,,50000,50,Jeff Foxworthy,1,0,0,1,1,1
2,7,90,CarsikBib,Children/Education,Carsik Bib - Baby and Child Care,Male,Les Cookson,http://www.carsikbib.com,30000,200000,0,,,,,,,,,,,,,,,,,,,,,,1,0,0,1,1,1
2,7,91,Ecomowers,Green/CleanTech,Ecomowers - Gardening mower,Male,Humphrey,http://www.ecomowers.com/,90000,450000,0,,,,,,,,,,,,,,,,,,,,,,1,0,0,1,1,1
2,7,92,Games2U,Media/Entertainment,Games2U - Entertainment,Male,Stuart_ David Pikoff,http://www.g2u.com/,500000,5000000,0,,,,,,,,,,,,,,,,,,,,,,1,0,0,1,1,1
2,8,93,HyConn,Uncertain/Other,HyConn - Productivity Tools fire hydrant,Male,Jeff Stroope,http://www.hy-conn.com/,500000,1250000,1,1250000,100,1250000,1,1250000,100,,,1250000,100,,,,,,,,,,,,1,1,0,1,1,1
2,8,94,Origaudio,Electronics,Origaudio - Electronics portable speakers,Male,Jason Lucash_ Michael Szymczak,http://www.origaudio.com,150000,1000000,1,150000,15,1000000,1,150000,15,,,,,,,150000,15,,,,,,,,1,1,0,1,1,1
2,8,95,ManCandle,Lifestyle/Home,Man Candle - Home Accessories,Male,Johnson Bailey,,50000,200000,0,,,,,,,,,,,,,,,,,,,,,,1,1,0,1,1,1
2,8,96,OriginalRunnerCompany,Lifestyle/Home,Original Runner Company - Weddings,Female,Julie Goldman,http://www.originalrunners.com/,250000,1666667,0,,,,,,,,,,,,,,,,,,,,,,1,1,0,1,1,1
2,9,97,AldoOrtaJewelry,Fashion/Beauty,Aldo Orta Jewelry - Women's Accessories,Male,Aldo Orta,http://www.aojewelry.com/,180000,400000,1,180000,45,400000,1,180000,45,180000,45,,,,,,,,,,,,,,1,0,0,1,1,1
2,9,98,OneSole,Fashion/Beauty,One Sole - Women's Shoes,Female,Dominique McClain Barteet,http://www.onesolestore.com/,500000,2500000,1,500000,35,1428571,1,500000,35,,,,,,,,,500000,35,,,,,,1,0,0,1,1,1
2,9,99,CitiKitty,Pet Products,CitiKitty - cat Products,Female,Rebecca Rescate,http://www.citikitty.com/,100000,666667,1,100000,20,333333,1,100000,20,,,,,,,,,,,,,100000,20,Kevin Harrington,1,0,0,1,1,1
2,9,100,SamsonMartin,Fashion/Beauty,Samson Martin - Women's Apparel,Female,Kim Preis,,50000,333333,0,,,,,,,,,,,,,,,,,,,,,,1,0,0,1,1,1
3,1,101,EZVIP,Media/Entertainment,EZ VIP - Entertainment,Male,Alashe Nelson,https://www.ezvip.com/,150000,1000000,1,150000,30,500000,2,75000,15,,,75000,15,,,,,75000,15,,,,,,1,1,0,1,1,1
3,1,102,TheCleanBottle,Food and Beverage,The Clean Bottle - Water Bottles,Male,Dave Mayer,http://www.cleanbottle.com/,60000,1200000,1,60000,8,750000,1,60000,8,,,60000,8,,,,,,,,,,,,1,1,0,1,1,1
3,1,103,MyWonderfulLife,Business Services,My Wonderful Life - Consumer Services,Female,Nancy Bush_ Sue Kruskopf,https://www.mywonderfullife.com/,100000,1000000,0,,,,,,,,,,,,,,,,,,,,,,1,1,0,1,1,1
3,1,104,BusinessGhost,Business Services,Business Ghost - Professional Services,Male,Michael Levin,http://businessghost.com/,200000,2000000,0,,,,,,,,,,,,,,,,,,,,,,1,1,0,1,1,1
3,2,105,IWantToDrawACatForYou,Software/Tech,I Want To Draw A Cat For You - Online Services,Male,Steve Gadlin,http://iwanttodrawacatforyou.com/,10000,40000,1,25000,33,75758,1,25000,33,,,25000,33,,,,,,,,,,,,1,1,0,1,1,1
3,2,106,Salespreneur,Business Services,Salespreneur - Professional Services,Male,Dave Greco,http://thesalespreneur.com/,90000,225000,0,,,,,,,,,,,,,,,,,,,,,,1,1,0,1,1,1
3,2,107,Invis-A-Rack,Automotive,Invis-A-Rack - Automotive,Male,Donny McCall,http://www.invisarack.com,100000,1000000,0,,,,,,,,,,,,,,,,,,,,,,1,1,0,1,1,1
3,2,108,VegasMagicShow,Media/Entertainment,Vegas Magic Show - Entertainment,Male,Rick Smith,,1500000,7500000,0,,,,,,,,,,,,,,,,,,,,,,1,1,0,1,1,1
3,3,109,YouSmellSoap,Fashion/Beauty,You Smell Soap - Personal Care and Cosmetics,Female,Megan Cummins,http://www.yousmellsoap.com/,55000,275000,1,50000,50,100000,1,50000,50,,,,,,,50000,50,,,,,,,,1,1,0,1,1,1
3,3,110,ChordBuddy,Media/Entertainment,Chord Buddy - Music,Male,Travis Perry,http://www.chordbuddy.com/,125000,1250000,1,175000,20,875000,1,175000,20,,,,,,,175000,20,,,,,,,,1,1,0,1,1,1
3,3,111,LiquidMoney,Fashion/Beauty,Liquid Money - Novelties,Male,Pat McCarthy,http://www.liquidmoney.com/,100000,2000000,0,,,,,,,,,,,,,,,,,,,,,,1,1,0,1,1,1
3,3,112,TailLightz,Electronics,Tail Lightz - Electronics,Male,Kyle Rainey,http://www.taillightz.com/,50000,100000,0,,,,,,,,,,,,,,,,,,,,,,1,1,0,1,1,1
3,4,113,WineBalloon,Food and Beverage,Wine Balloon - Wine Accessories,Male,Eric Corti,http://aircork.com/,40000,133333,1,400000,100,400000,1,400000,100,,,400000,100,,,,,,,,,,,,0,1,1,1,1,1
3,4,114,ShowNo,Fashion/Beauty,Show No - Baby and Children's Apparel and Accessories,Female,Shelly Ehler,http://showno.com/,50000,200000,1,75000,25,300000,1,75000,25,,,,,75000,25,,,,,,,,,,0,1,1,1,1,1
3,4,115,TheSwilt,Fashion/Beauty,The Swilt - Undergarments and Basics,Female,Ivori Tennelle,http://www.theswilt.com/,30000,85714,0,,,,,,,,,,,,,,,,,,,,,,0,1,1,1,1,1
3,4,116,PuppyCake,Pet Products,Puppy Cake - Pet Products,Female,Kelly Chaney,http://www.puppycake.com/,50000,200000,0,,,,,,,,,,,,,,,,,,,,,,0,1,1,1,1,1
3,5,117,TheLastLid,Lifestyle/Home,The Last Lid - Storage and Cleaning Products,Mixed Team,Kevin_ Melissa Kiernan,https://www.lastlid.com,40000,200000,1,40000,60,66667,1,40000,60,,,,,,,,,40000,60,,,,,,0,1,1,1,1,1
3,5,118,TalbottTeas,Food and Beverage,Talbott Teas - Specialty Food,Male,Steve Nakisher_ Shane Talbott,http://talbottteas.com/,250000,1250000,1,250000,35,714286,1,250000,35,,,,,,,,,,,250000,35,,,,0,1,1,1,1,1
3,5,119,M3GirlDesigns,Fashion/Beauty,M3 Girl Designs - Baby and Children's Apparel and Accessories,Female,Maddie_ Margot_ Diane Bradshaw,,300000,2000000,1,300000,30,1000000,3,100000,10,,,100000,10,100000,10,100000,10,,,,,,,,0,1,1,1,1,1
3,5,120,LedgePillow,Lifestyle/Home,Ledge Pillow - Novelties,Female,Am_a Schlechter,,30000,120000,0,,,,,,,,,,,,,,,,,,,,,,0,1,1,1,1,1
3,6,121,ReaderestSpecsecure,Lifestyle/Home,Readerest Specsecure - Novelties,Male,Rick Hopper,,150000,1000000,1,150000,65,230769,1,150000,65,,,,,150000,65,,,,,,,,,,0,1,1,1,1,1
3,6,122,ThePaintedPretzel,Food and Beverage,The Painted Pretzel - Specialty Food,Female,Raven Thomas,http://www.thepaintedpretzel.com/,100000,400000,1,100000,25,400000,1,100000,25,,,100000,25,,,,,,,,,,,,0,1,1,1,1,1
3,6,123,EssoWatches,Fashion/Beauty,Esso Watches - Homeopathic Remedies,Male,Ryan Naylor,,35000,175000,0,,,,,,,,,,,,,,,,,,,,,,0,1,1,1,1,1
3,6,124,FiveMinuteFurniture,Lifestyle/Home,Five Minute Furniture - Furniture,Male,Jared Joyce,,250000,1000000,0,,,,,,,,,,,,,,,,,,,,,,0,1,1,1,1,1
3,7,125,Kisstixx,Fashion/Beauty,Kisstixx - Personal Care and Cosmetics,Male,Dallas Robinson_ Mike Buonomo,http://kisstixx.com/,200000,1000000,1,200000,40,500000,1,200000,40,,,200000,40,,,,,,,,,,,,1,1,0,1,1,1
3,7,126,TheSmartBaker,Food and Beverage,The Smart Baker - Kitchen Tools,Mixed Team,Stephanie_ Daniel Rensing,http://www.thesmartbaker.com/,75000,300000,1,75000,40,187500,1,75000,40,75000,40,,,,,,,,,,,,,,1,1,0,1,1,1
3,7,127,ScotteVest,Fashion/Beauty,ScotteVest - Men and Women's Apparel,Male,Scott Jordan,http://www.scottevest.com/,500000,3333333,0,,,,,,,,,,,,,,,,,,,,,,1,1,0,1,1,1
3,7,128,TheHeatHelper,Lifestyle/Home,The Heat Helper - Home Accessories,Male,Lyle Schuette,https://www.heat-helper.com/,100000,200000,0,,,,,,,,,,,,,,,,,,,,,,1,1,0,1,1,1
3,8,129,Litter,Fashion/Beauty,Litter - Women's Accessories,Female,Rachel Mann_ Mackenzie Burdick,http://littersf.com/,80000,156863,1,80000,51,156863,2,40000,25.5,,,40000,25.5,,,,,40000,25.5,,,,,,1,1,0,1,1,1
3,8,130,Nardo'sNatural,Fashion/Beauty,Nardo's Natural - Personal Care and Cosmetics,Male,Kyle_ KJ_ Danny_ DJ Nardo,http://www.nardosnatural.com/,75000,625000,1,75000,50,150000,1,40000,25.5,75000,50,,,,,,,,,,,,,,1,1,0,1,1,1
3,8,131,TheOriginalProfender,Fitness/Sports/Outdoors,The Original Profender - Fitness Equipment,Male,Tony Devine,http://www.theoriginalprofender.com/,75000,500000,0,,,,,,,,,,,,,,,,,,,,,,1,1,0,1,1,1
3,8,132,Rent-A-Grandma,Lifestyle/Home,Rent-A-Grandma - Consumer Services,Male,Todd Colby Pliss,http://rentagrandma.com/,150000,750000,0,,,,,,,,,,,,,,,,,,,,,,1,1,0,1,1,1
3,9,133,TowerPaddleBoards,Fitness/Sports/Outdoors,Tower Paddle Boards - Outdoor Recreation,Male,Stephan Aarstol,http://www.towerpaddleboards.com/,150000,1500000,1,150000,30,500000,1,150000,30,,,150000,30,,,,,,,,,,,,1,1,0,1,1,1
3,9,134,MisoMedia,Media/Entertainment,Miso Media - Music,Male,Aviv Grill,,300000,6000000,1,300000,8,3750000,1,300000,8,,,300000,8,,,,,,,,,,,,1,1,0,1,1,1
3,9,135,InstantLifts,Fashion/Beauty,Instant Lifts - Personal Care and Cosmetics,Mixed Team,Nick_ Penilopee Larosa,http://www.instantthighlift.com/,100000,400000,0,,,,,,,,,,,,,,,,,,,,,,1,1,0,1,1,1
3,9,136,Vinamor,Food and Beverage,Vinamor - Wine Accessories,Male,Gary DeJohn,http://www.thevinamor.com/,75000,250000,0,,,,,,,,,,,,,,,,,,,,,,1,1,0,1,1,1
3,10,137,GoGoGear,Fitness/Sports/Outdoors,GoGo Gear - Men and Women's Apparel,Female,Arlene Battishill_ Desiree Estrada,http://www.gogogearla.com/,300000,2000000,1,300000,50,600000,1,300000,50,,,,,,,,,300000,50,,,,,,1,1,0,1,1,1
3,10,138,TheAveVenice,Fashion/Beauty,The Ave Venice - Men and Women's Shoes,Male,Nick Romero,http://www.theavevenice.com/,125000,833333,0,,,,,,,,,,,,,,,,,,,,,,1,1,0,1,1,1
3,10,139,Brewer'sCow,Food and Beverage,Brewer‚Äôs Cow - Specialty Food,Male,Steve Albert_ Larry Blackwell_ Jason Conroy,http://www.thebrewerscow.com/,125000,833333,0,,,,,,,,,,,,,,,,,,,,,,1,1,0,1,1,1
3,10,140,Bark'em'sToGo,Pet Products,Bark‚Äôem‚Äôs To Go - Pet Products,Male,Blake St. Clair,http://www.barkems.com/,100000,196078,0,,,,,,,,,,,,,,,,,,,,,,1,1,0,1,1,1
3,11,141,ViewSport,Fitness/Sports/Outdoors,ViewSport - Fitness Apparel and Accessories,Male,Ben Wood,http://www.viewsport.us,500000,2500000,0,,,,,,,,,,,,,,,,,,,,,,1,1,0,1,1,1
3,11,142,BlondiesCookies,Food and Beverage,Blondies Cookies - Specialty Food,Female,"Brenda ""Blondie"" Coffman",http://www.blondiescookies.com/,200000,6666667,0,,,,,,,,,,,,,,,,,,,,,,1,1,0,1,1,1
3,11,143,CopadiVino,Food and Beverage,Copa di Vino - Alcoholic Beverages,Male,James Martin,http://www.copadivino.com/,300000,6000000,0,,,,,,,,,,,,,,,,,,,,,,1,1,0,1,1,1
3,11,144,TheSullivanGenerator,Green/CleanTech,The Sullivan Generator - Novelties,Male,Mark Sullivan,http://marksullivanresearch.com,1000000,10000000,0,,,,,,,,,,,,,,,,,,,,,,1,1,0,1,1,1
3,12,145,Lollacup,Children/Education,Lollacup - Baby and Child Care,Mixed Team,Mark_ Hannah Lim,http://www.lollaland.com/,100000,666667,1,100000,40,250000,2,50000,20,,,50000,20,,,50000,20,,,,,,,,0,1,1,1,1,1
3,12,146,NailPak,Fashion/Beauty,Nail Pak - Personal Care and Cosmetics,Female,Barbara Lampugnale,,50000,250000,1,50000,40,125000,1,50000,40,,,,,50000,40,,,,,,,,,,0,1,1,1,1,1
3,12,147,DebbieBrooksHandbags,Fashion/Beauty,Debbie Brooks Handbags - Women's Accessories,Mixed Team,Paul d'Auriac_ Debbie Brooks,http://www.debbiebrooks.com/,540000,2700000,0,,,,,,,,,,,,,,,,,,,,,,0,1,1,1,1,1
3,12,148,TrimiTank,Fashion/Beauty,Trimi Tank - Women's Apparel,Female,Nicole Bilsky_ Lindsay Johnson,http://www.trimitank.com/,57000,190000,0,,,,,,,,,,,,,,,,,,,,,,0,1,1,1,1,1
3,13,149,VillyCustoms,Fitness/Sports/Outdoors,Villy Customs - Cycling,Male,Fleetwood Hicks,http://www.villycustoms.com/,500000,1515152,1,500000,42,1190476,2,250000,21,250000,21,250000,21,,,,,,,,,,,,1,1,0,1,1,1
3,13,150,BootIllusions,Fashion/Beauty,Boot Illusions - Women's Shoes,Mixed Team,Drew Goodrum_ Queenie Davis,,100000,333333,1,500000,40,1250000,2,250000,20,250000,20,250000,20,,,,,,,,,,,,1,1,0,1,1,1
3,13,151,AirBedz,Travel,AirBedz - Furniture,Male,Jim Pittman,http://www.truckairbedz.com/,250000,1666667,0,,,,,,,,,,,,,,,,,,,,,,1,1,0,1,1,1
3,13,152,Skyride,Fitness/Sports/Outdoors,Skyride - Outdoor Recreation,Male,Scotty Olson,http://skyridetechnology.com/,3000000,15000000,0,,,,,,,,,,,,,,,,,,,,,,1,1,0,1,1,1
3,14,153,DanceWithMe,Fitness/Sports/Outdoors,Dance With Me - Fitness Programs,Male,Billy Blanks_ Jr.,,100000,500000,1,100000,50,200000,2,50000,25,,,50000,25,,,,,50000,25,,,,,,1,1,0,1,1,1
3,14,154,WildSquirrelNutButter,Food and Beverage,Wild Squirrel Nut Butter - Specialty Food,Female,Erika Welsh_ Keeley Tillotson,https://www.wildfriendsfoods.com/,50000,500000,1,50000,40,125000,1,50000,40,50000,40,,,,,,,,,,,,,,1,1,0,1,1,1
3,14,155,MixBikini,Fashion/Beauty,Mix Bikini - Women's Apparel,Male,Frank Scozzafava_ Adam DiSilvestro,,50000,1000000,1,50000,25,200000,1,50000,25,50000,25,,,,,,,,,,,,,,1,1,0,1,1,1
3,14,156,Cab20RockBand,Media/Entertainment,Cab20 Rock Band - Entertainment,Male,Tom Callahan,http://mockrecords.com/cab-20,200000,1000000,0,,,,,,,,,,,,,,,,,,,,,,1,1,0,1,1,1
3,15,157,RemyxxReKixxSneakers,Fashion/Beauty,Remyxx ReKixx Sneakers - Men and Women's Shoes,Male,Gary Gagnon,http://www.rekixx.com/,50000,500000,1,50000,80,62500,1,50000,80,,,,,,,,,50000,80,,,,,,1,1,0,1,1,1
3,15,158,UniKeyTechnologies,Software/Tech,UniKey Technologies - Electronics,Male,Phil Dumas,http://www.unikey.com/,500000,1515152,1,500000,40,1250000,2,250000,20,,,250000,20,,,,,,,250000,20,,,,1,1,0,1,1,1
3,15,159,TheNitroForceTitan1000,Fitness/Sports/Outdoors,The NitroForce Titan 1000 - Fitness Equipment,Mixed Team,Frank Campitelli_ Debrae Barensfeld,http://www.thenitroforce.com/,250000,2500000,0,,,,,,,,,,,,,,,,,,,,,,1,1,0,1,1,1
3,15,160,CougarLimited,Food and Beverage,Cougar Limited - Non-Alcoholic Beverages,Male,Ryan Custer,http://drinkcougar.com/,150000,500000,0,,,,,,,,,,,,,,,,,,,,,,1,1,0,1,1,1
4,1,161,BevBuckle,Liquor/Alcohol,Bev Buckle - Novelties,Male,Jay Kriner,http://www.thebeerbuckle.com,50000,500000,1,50000,51,98039,1,50000,51,50000,51,,,,,,,,,,,,,,1,1,0,1,1,1
4,1,162,BuggyBeds,Lifestyle/Home,Buggy Beds - Pest Control,Female,Maria Curcio_ Veronica Periongo,http://www.buggybeds.com,125000,1785714,1,250000,25,1000000,5,50000,5,50000,5,50000,5,,,50000,5,50000,5,50000,5,,,,1,1,0,1,1,1
4,1,163,CoatChex,Business Services,Coat Chex - Consumer Services,Male,Derek Pacque,http://www.coatchex.com,200000,2000000,0,,,,,,,,,,,,,,,,,,,,,,1,1,0,1,1,1
4,1,164,BodyWalking,Fashion/Beauty,Body Walking - Fitness Programs,Male,Todd Miller,http://www.bodywalking.com,100000,1000000,0,,,,,,,,,,,,,,,,,,,,,,1,1,0,1,1,1
4,2,165,SurfSetFitness,Fitness/Sports/Outdoors,SurfSet Fitness - Fitness Programs,Mixed Team,Mike Hartwick_ Sarah Ponn,http://www.surfsetfitness.com/,150000,1500000,1,300000,30,1000000,1,300000,30,,,300000,30,,,,,,,,,,,,1,1,0,1,1,1
4,2,166,CATEapp,Software/Tech,CateApp - Mobile Apps,Male,Neal Desai,,50000,1000000,1,75000,30,250000,2,37500,15,,,,,,,,,37500,15,37500,15,,,,1,1,0,1,1,1
4,2,167,AlphaM,Business Services,Alpha M - Consumer Services,Male,Aaron Marino,http://www.aaronmarino.com/,50000,500000,0,,,,,,,,,,,,,,,,,,,,,,1,1,0,1,1,1
4,2,168,eCreamery,Food and Beverage,eCreamery - Specialty Food,Female,Abby Jordan_ Becky App,http://ecreamery.com/,250000,757576,0,,,,,,,,,,,,,,,,,,,,,,1,1,0,1,1,1
4,3,169,RockBands,Fashion/Beauty,Rock Bands - Men and Women's Accessories,Male,Lee Dahlberg,http://www.leatherrockbands.com/,100000,500000,1,100000,40,250000,2,50000,20,,,50000,20,,,,,50000,20,,,,,,1,1,0,1,1,1
4,3,170,PostureNow,Health/Wellness,Posture Now - Health and Well-Being,Male,Mike Lane_ Mark Franklin,http://www.posturenow.com/,100000,666667,1,100000,30,333333,1,100000,30,,,100000,30,,,,,,,,,,,,1,1,0,1,1,1
4,3,171,FuzziBunz,Children/Education,FuzziBunz - Baby and Child Care,Female,Tereson Dupuy,http://fuzzibunz.com/,500000,3333333,0,,,,,,,,,,,,,,,,,,,,,,1,1,0,1,1,1
4,3,172,LizLovelyCookies,Food and Beverage,Liz Lovely Cookies - Specialty Food,Mixed Team,Liz_ Dan Holtz,http://lizlovely.com/,200000,2000000,0,,,,,,,,,,,,,,,,,,,,,,1,1,0,1,1,1
4,4,173,BagBowl,Lifestyle/Home,Bag Bowl - Kitchen Tools,Male,Brian_ Kevin Fleming,http://www.buybagbowl.com,40000,121212,1,40000,33,121212,1,40000,33,,,,,40000,33,,,,,,,,,,0,1,1,1,1,1
4,4,174,Back9Dips,Food and Beverage,Back 9 Dips - Specialty Food,Mixed Team,David_ Nique Mealy,http://www.back9dips.com,150000,1000000,1,150000,25,600000,2,75000,12.5,,,,,75000,12.5,75000,12.5,,,,,,,,0,1,1,1,1,1
4,4,175,LifterHamper,Lifestyle/Home,Lifter Hamper - Productivity Tools,Male,Marvin Philip,www.householdessential.com,85000,708333,0,,,,,,,,,,,,,,,,,,,,,,0,1,1,1,1,1
4,4,176,Zomm,Lifestyle/Home,Zomm - Mobile Apps,Male,Henry Penix,http://www.zomm.com,2000000,20000000,0,,,,,,,,,,,,,,,,,,,,,,0,1,1,1,1,1
4,5,177,CozyBug,Fashion/Beauty,Cozy Bug - Baby and Children's Apparel and Accessories,Female,Aly Lessor,http://www.cozybugusa.com,50000,200000,1,50000,30,166667,1,50000,30,,,,,,,,,50000,30,,,,,,0,1,1,1,1,1
4,5,178,MarzSprays,Health/Wellness,Marz Sprays - Homeopathic Remedies,Male,Br_on_ Keith Marz,http://marzsprays.com,200000,2000000,1,200000,25,800000,1,200000,25,,,,,200000,25,,,,,,,,,,0,1,1,1,1,1
4,5,179,WiredWaffles,Food and Beverage,Wired Waffles - Specialty Food,Male,Roger Sullivan,http://www.wiredwaffles.com,75000,300000,0,,,,,,,,,,,,,,,,,,,,,,0,1,1,1,1,1
4,5,180,TheSpatty,Food and Beverage,The Spatty and The Spaddy Dadd - Personal Care and Cosmetics,Female,Cheryl Rigdon,http://www.thespatty.com,50000,125000,0,,,,,,,,,,,,,,,,,,,,,,0,1,1,1,1,1
4,6,181,PRO-NRG,Food and Beverage,PRO-NRG - Non-Alcoholic Beverages,Mixed Team,Tania Patruno_ Br_on Jacobs,http://www.pronrgusa.com,250000,1666667,1,250000,30,833333,1,250000,30,,,,,,,,,250000,30,,,,,,1,1,0,1,1,1
4,6,182,CousinsMaineLobster,Food and Beverage,Cousins Maine Lobster - Specialty Food,Male,Jim Tselikis_ Sabin Lomac,http://www.cousinsmainelobster.com,55000,1100000,1,55000,15,366667,1,55000,15,55000,15,,,,,,,,,,,,,,1,1,0,1,1,1
4,6,183,FreakerUSA,Food and Beverage,Freaker USA - Novelties,Male,Zach Crain,http://www.freakerusa.com,200000,2000000,0,,,,,,,,,,,,,,,,,,,,,,1,1,0,1,1,1
4,6,184,EcoNutsSoap,Lifestyle/Home,EcoNutsSoap - Storage and Cleaning Products,Mixed Team,Mona Weiss_ Scott Shields,http://econutssoap.com,175000,1166667,0,,,,,,,,,,,,,,,,,,,,,,1,1,0,1,1,1
4,7,185,SBU,Fitness/Sports/Outdoors,SBU - Cycling,Male,Daniel Wood_ David Martschinske,http://focusdesigns.com/,300000,3000000,1,300000,33,909091,2,150000,16.5,,,,,,,150000,16.5,,,150000,16.5,,,,0,1,1,1,1,1
4,7,186,ScrubDaddy,Lifestyle/Home,Scrub Daddy - Kitchen Tools,Male,Aaron Krause,http://scrubdaddy.com,100000,1000000,1,200000,20,1000000,1,200000,20,,,,,200000,20,,,,,,,,,,0,1,1,1,1,1
4,7,187,TheShemie,Fashion/Beauty,The Shemie - Undergarments and Basics,Male,Shelton Wilder,http://www.theshemie.com,60000,300000,0,,,,,,,,,,,,,,,,,,,,,,0,1,1,1,1,1
4,7,188,TheBear&TheRat,Pet Products,The Bear & The Rat - Pet Products,Mixed Team,Matt_ Meg Meyer,http://cooltreatsfordogs.com,125000,625000,0,,,,,,,,,,,,,,,,,,,,,,0,1,1,1,1,1
4,8,189,TheCoolWazoo,Children/Education,The Cool Wazoo - Baby and Child Care,Female,Ginelle Mills,http://www.thecoolwazoo.com,65000,260000,1,65000,35,185714,1,65000,35,,,,,65000,35,,,,,,,,,,0,1,1,1,1,1
4,8,190,PlateTopper,Food and Beverage,Plate Topper - Kitchen Tools,Male,Michael Tseng,,90000,1800000,1,90000,8,1125000,1,90000,8,,,,,90000,8,,,,,,,,,,0,1,1,1,1,1
4,8,191,NoFlyCone,Pet Products,No Fly Cone - Pest Control,Male,Bruce Gaither,http://noflycone.com,25000,166667,0,,,,,,,,,,,,,,,,,,,,,,0,1,1,1,1,1
4,9,192,DriveSuits,Uncertain/Other,Drive Suits - Costumes,Male,Drew Beaumier,http://www.drivesuits.com,150000,750000,1,150000,30,500000,1,150000,30,,,,,,,,,,,150000,30,,,,1,1,0,1,1,1
4,9,193,IceChipsCandy,Food and Beverage,Ice Chips Candy - Specialty Food,Female,Beverly Vines-Haines_ Charlotte Clary,https://www.icechipscandy.com,250000,1666667,1,125000,20,625000,2,62500,10,62500,10,62500,10,,,,,,,,,,,,1,1,0,1,1,1
4,9,194,ReVestor,Software/Tech,ReVestor - Online Services,Male,Bill Lyons,http://www.revestor.com,250000,2500000,0,,,,,,,,,,,,,,,,,,,,,,1,1,0,1,1,1
4,9,195,PCClassesOnline,Software/Tech,PC Classes Online - Online Services,Male,David A. Cox,http://pcclassesonline.com,150000,1000000,0,,,,,,,,,,,,,,,,,,,,,,1,1,0,1,1,1
4,10,196,RuckPack,Fashion/Beauty,Ruck Pack Combat Nutrition - Specialty Food,Male,Rob Dyer,http://www.ruckpack.com,75000,750000,1,150000,20,750000,2,75000,10,,,,,,,75000,10,,,75000,10,,,,1,1,0,1,1,1
4,10,197,NearlyNewlywed,Fashion/Beauty,Nearly Newlywed - Weddings,Female,Jackie Courtney,http://www.nearlynewlywed.com,35000,350000,0,,,,,,,,,,,,,,,,,,,,,,1,1,0,1,1,1
4,10,198,TieTry,Fashion/Beauty,Tie Try - Men's Accessories,Male,David Powers_ Scott Tindel,,100000,400000,0,,,,,,,,,,,,,,,,,,,,,,1,1,0,1,1,1
4,10,199,CorksAway,Food and Beverage,Corks Away - Entertainment,Male,Shane Cianciolo_ Nathan Buffett,,105000,525000,0,,,,,,,,,,,,,,,,,,,,,,1,1,0,1,1,1
4,11,200,TheLivingChristmasCompany,Lifestyle/Home,The Living Christmas Company - Holiday Cheer,Male,Scott Martin,http://www.livingchristmas.com,150000,500000,1,150000,40,375000,1,150000,40,,,150000,40,,,,,,,,,,,,1,1,0,1,1,1
4,11,201,TheCoop,Children/Education,The Coop - Baby and Children's Entertainment,Female,Lucinda Lent_ Juliet Boydstun,http://www.thecoop-la.com,150000,1000000,1,150000,15,1000000,1,150000,15,150000,15,,,,,,,,,,,,,,1,1,0,1,1,1
4,11,202,PartiePoche,Fashion/Beauty,Partie Poche - Women's Accessories,Mixed Team,Connor Pastoor_ Jillian Jaccard,,100000,500000,0,,,,,,,,,,,,,,,,,,,,,,1,1,0,1,1,1
4,11,203,FatAssFudge,Food and Beverage,Fat Ass Fudge - Specialty Food,Female,Donna McCue,http://www.fat-assfudge.com,250000,5000000,0,,,,,,,,,,,,,,,,,,,,,,1,1,0,1,1,1
4,12,204,HotTot,Children/Education,Hot Tot - Baby and Child Care,Female,Megan Gage,http://hottot.com,50000,333333,1,75000,40,187500,1,75000,40,,,75000,40,,,,,,,,,,,,0,1,1,1,1,1
4,12,205,TheGameFaceCompany,Fashion/Beauty,The GameFace Company - Novelties,Male,Doug Marshall,http://www.thegamefacecompany.com,450000,1800000,1,450000,35,1285714,2,225000,17.5,,,225000,17.5,225000,17.5,,,,,,,,,,0,1,1,1,1,1
4,12,206,DuraTent,Food and Beverage,Dura Tent - Outdoor Recreation,Male,Dan Rothweil,http://www.duratent.com,50000,166667,0,,,,,,,,,,,,,,,,,,,,,,0,1,1,1,1,1
4,12,207,ARKEG,Lifestyle/Home,ARKEG - Party Supplies,Male,Brant Myers_ Dan Grimm,,100000,303030,0,,,,,,,,,,,,,,,,,,,,,,0,1,1,1,1,1
4,13,208,CoffeeJoulies,Food and Beverage,Coffee Joulies - Novelties,Male,Dave Jackson_ Dave Petrillo,http://www.joulies.com,150000,3000000,1,150000,0,0,4,37500,0,,,,,37500,0,37500,0,37500,0,37500,0,,,,0,1,1,1,1,1
4,13,209,TeddyNeedsABath,Children/Education,Teddy Needs A Bath- Storage and Cleaning Products,Female,Nicole Townend,http://www.teddyneedsabath.com,50000,500000,1,100000,30,333333,1,100000,30,,,100000,30,,,,,,,,,,,,0,1,1,1,1,1
4,13,210,Urbio,Lifestyle/Home,Urbio - Gardening,Male,Jared Aller_ Beau Oyler,http://www.myurbio.com,300000,2500000,1,300000,15,2000000,1,300000,15,,,,,300000,15,,,,,,,,,,0,1,1,1,1,1
4,13,211,SubZeroIceCream,Food and Beverage,Sub Zero Ice Cream - Specialty Food,Mixed Team,Jerry_ Naomi Hancock,http://www.subzeroicecream.com,300000,2500000,0,,,,,,,,,,,,,,,,,,,,,,0,1,1,1,1,1
4,14,212,SoundBender,Electronics,Sound Bender - Electronics,Male,Rabbi Moshe Weiss,http://www.thesoundbender.com,54000,207692,1,54000,40,135000,1,54000,40,,,,,,,,,54000,40,,,,,,1,1,0,1,1,1
4,14,213,Bibitec,Children/Education,Bibitec Bibs - Baby and Child Care,Mixed Team,Susie_ Steve Taylor,http://www.bibbitec.com,40000,285714,0,,,,,,,,,,,,,,,,,,,,,,1,1,0,1,1,1
4,14,214,CuddleTunes,Children/Education,Cuddle Story Telling Bear - Toys and Games,Male,Mike Robinson,http://www.cuddletunes.com,400000,2000000,0,,,,,,,,,,,,,,,,,,,,,,1,1,0,1,1,1
4,14,215,XeroShoes,Fitness/Sports/Outdoors,Invisible Xero Shoes - Men and Women's Shoes,Mixed Team,Lena Phoenix_ Steven Sashen,http://xeroshoes.com,400000,5000000,0,,,,,,,,,,,,,,,,,,,,,,1,1,0,1,1,1
4,15,216,HoodiePillow,Lifestyle/Home,Hoodie Pillow - Novelties,Mixed Team,Rebecca Rescate_ Chris Hindley,http://www.hoodiepillow.com,90000,600000,1,90000,20,450000,1,90000,20,,,,,,,90000,20,,,,,,,,1,1,0,1,1,1
4,15,217,GetGrinds,Food and Beverage,Get Grinds - Specialty Food,Male,Matt Canepa_ Pat Pezet,http://www.getgrinds.com,75000,750000,1,75000,15,500000,2,37500,7.5,,,,,,,37500,7.5,37500,7.5,,,,,,1,1,0,1,1,1
4,15,218,GreenGarmento,Fashion/Beauty,Green Garmento - Storage and Cleaning Products,Female,Jennie Nigrosh,http://thegreengarmento.com,300000,1500000,0,,,,,,,,,,,,,,,,,,,,,,1,1,0,1,1,1
4,15,219,MyColdSnap,Food and Beverage,My Cold Snap - Novelties,Male,Scott Duff_ Carlos Ortiz,,50000,50000,0,,,,,,,,,,,,,,,,,,,,,,1,1,0,1,1,1
4,16,220,SmartWheel,Automotive,The Smart Wheel - Automotive,Male,Jaiden Evarts,http://smartwheelusa.com,100000,666667,1,100000,30,333333,2,50000,15,,,50000,15,,,50000,15,,,,,,,,1,1,0,1,1,1
4,16,221,HowDoYouRoll?,Food and Beverage,HDYR Sushi Bars - Specialty Food,Male,Peter_ Yuen Yung,http://howdoyouroll.com,1000000,8333333,1,1000000,20,5000000,1,1000000,20,,,,,,,,,,,1000000,20,,,,1,1,0,1,1,1
4,16,222,GottaHaveS'More,Food and Beverage,Gotta Have S'More - Specialty Food,Female,Carmen Lindner,http://gottahavesmore.com,75000,300000,0,,,,,,,,,,,,,,,,,,,,,,1,1,0,1,1,1
4,16,223,PrettyPaddedRoom,Health/Wellness,Pretty Padded Room - Online Services,Female,Bea Arthur,https://prettypaddedroom.com,100000,333333,0,,,,,,,,,,,,,,,,,,,,,,1,1,0,1,1,1
4,17,224,Addison'sWonderland,Children/Education,Addison's Wonderland - Baby and Children's Bedding,Female,Brooke Bryant_ Brittany Hayes,http://www.addisonswonderland.com,90000,450000,0,,,,,,,,,,,,,,,,,,,,,,0,1,1,1,1,1
4,17,225,HipChixs,Fashion/Beauty,Hip Chixs - Women's Apparel,Female,Megan Jackson Carreker_ Aimee Miller,http://hipchixs.com,150000,428571,0,,,,,,,,,,,,,,,,,,,,,,0,1,1,1,1,1
4,17,226,ProofEyeWear,Fashion/Beauty,Proof Eye Wear - Men and Women's Accessories,Male,Taylor_ Brooks_ Tanner Dame,http://www.iwantproof.com,150000,1500000,0,,,,,,,,,,,,,,,,,,,,,,0,1,1,1,1,1
4,17,227,MuddyWaterCamo,Fitness/Sports/Outdoors,Muddy Water Camo - Outdoor Recreation,Male,Steve Maloney_ Steven Kirkpatrick,https://www.muddywatercamo.com,150000,3000000,0,,,,,,,,,,,,,,,,,,,,,,0,1,1,1,1,1
4,18,228,JeskaShoeCompany,Fashion/Beauty,Jeska Shoe Company - Women's Shoes,Female,Jessica Haynes,,70000,233333,1,70000,70,100000,1,70000,70,,,,,,,,,70000,70,,,,,,1,1,0,1,1,1
4,18,229,Nuts'nMore,Food and Beverage,Nuts n More - Specialty Food,Male,Peter Ferreira_ Dennis Iannotti_ Neil Cameron,http://www.nuts-n-more.com,250000,1250000,1,250000,30,833333,2,125000,15,,,125000,15,,,125000,15,,,,,,,,1,1,0,1,1,1
4,18,230,NeoInnovations,Health/Wellness,Neo Innovations - Homeopathic Remedies,Male,Nick Gonzales_ Kevin Mack,http://neomagneticlight.com,80000,400000,0,,,,,,,,,,,,,,,,,,,,,,1,1,0,1,1,1
4,18,231,PSIBands,Health/Wellness,PSI Bands - Homeopathic Remedies,Female,Romy Taormina,http://www.psibands.com,250000,2500000,0,,,,,,,,,,,,,,,,,,,,,,1,1,0,1,1,1
4,19,232,CordaRoy's,Lifestyle/Home,CordaRoy's Bean Bag Beds - Furniture,Male,Byron Young,http://cordaroys.com,200000,1000000,1,200000,58,344828,1,200000,58,,,,,200000,58,,,,,,,,,,0,1,1,1,1,1
4,19,233,Lose12Inches,Fitness/Sports/Outdoors,Lose 12 - Fitness Programs,Male,"Ryan ""Cowboy"" Ehmann",http://www.lose12inches.com,120000,480000,1,125000,25,500000,1,125000,25,,,,,,,,,125000,25,,,,,,0,1,1,1,1,1
4,19,234,BabyLovesDisco,Children/Education,Baby Loves Disco - Baby and Children's Entertainment,Mixed Team,Heather Murphy-Monteith__y Hurwitz,http://babylovesdisco.com,150000,1500000,0,,,,,,,,,,,,,,,,,,,,,,0,1,1,1,1,1
4,19,235,CellHelmet,Electronics,Cell Helmet - Electronics,Male,David Artuso_ Mike Kane,http://www.cellhelmet.com,160000,800000,0,,,,,,,,,,,,,,,,,,,,,,0,1,1,1,1,1
4,20,236,CoolWraps,Lifestyle/Home,CoolWraps - Holiday Cheer,Male,Jeffrey Miller,http://www.coolwraps.com,100000,250000,1,250000,100,250000,1,250000,100,,,250000,100,,,,,,,,,,,,0,1,1,1,1,1
4,20,237,SimpleSugarScrubs,Fashion/Beauty,Simple Sugar Scrubs - Personal Care and Cosmetics,Female,Lani Lazzari,http://www.simplesugarsscrub.com,100000,1000000,1,100000,33,303030,1,100000,33,,,100000,33,,,,,,,,,,,,0,1,1,1,1,1
4,20,238,DropStop,Automotive,Drop Stop - Automotive,Male,Marc Newburger_ Jeffrey Simon,http://www.buydropstop.com,300000,2000000,1,300000,20,1500000,1,300000,20,,,,,300000,20,,,,,,,,,,0,1,1,1,1,1
4,20,239,TraditionalFisheries,Food and Beverage,Traditional Fisheries - Specialty Food,Male,Gary Groomes_ Dave Johnson,http://www.traditionalfisheries.com,225000,900000,0,,,,,,,,,,,,,,,,,,,,,,0,1,1,1,1,1
4,21,240,GobieH20,Travel,GOBIE H20 - Water Bottles,Male,Rusty Allen,http://www.gobieh2o.com,300000,3000000,1,300000,40,750000,1,300000,40,,,,,,,,,300000,40,,,,,,0,1,1,1,1,1
4,21,241,LiddUp,Food and Beverage,LiddUp Coolers - Novelties,Male,Taylor Gwiazdon_ Jayson S_berg,http://www.liddup.com,100000,1000000,1,100000,33,303030,1,100000,33,,,,,,,,,,,100000,33,,,,0,1,1,1,1,1
4,21,242,Rootsuit,Fashion/Beauty,Rootsuit - Costumes,Male,Colin Grussing,http://www.rootsuit.com,100000,666667,0,,,,,,,,,,,,,,,,,,,,,,0,1,1,1,1,1
4,21,243,EchoValleyMeats,Food and Beverage,Echo Valley Meats - Specialty Food,Male,Dave Alwan,http://www.echovalleymeats.com,150000,750000,0,,,,,,,,,,,,,,,,,,,,,,0,1,1,1,1,1
4,22,244,WickedGoodCupCakes,Food and Beverage,Wicked Good Cup Cakes - Specialty Food,Female,Tracey Noonan_ Danielle Desroches,https://www.wickedgoodcupcakes.com,75000,375000,1,75000,0,0,1,75000,0,,,,,,,,,,,75000,0,,,,0,1,1,1,1,1
4,22,245,TheMissionBelt,Fashion/Beauty,The Mission Belt - Men's Accessories,Male,Nate Holzapfel,http://missionbelt.com,50000,250000,1,50000,37.5,133333,1,50000,37.5,,,,,,,,,50000,37.5,,,,,,0,1,1,1,1,1
4,22,246,ShellBobbers,Fitness/Sports/Outdoors,Shell Bobbers - Outdoor Recreation,Male,Jeff Stafford_ Dusty Holloway,http://www.shellbobbers.com,80000,400000,1,80000,33,242424,1,80000,33,,,80000,33,,,,,,,,,,,,0,1,1,1,1,1
4,22,247,TremontElectric,Green/CleanTech,Tremont Electric - Outdoor Recreation,Male,Aaron Lemieux,http://store.npowerpeg.com,2000000,9090909,0,,,,,,,,,,,,,,,,,,,,,,0,1,1,1,1,1
4,23,248,Mee-Ma'sGumbo,Food and Beverage,Me-Ma's Gumbo Bricks - Specialty Food,Female,Carol Foster,http://www.gumbobrick.com,200000,1000000,1,200000,50,400000,2,100000,25,,,,,100000,25,,,,,100000,25,,,,0,1,1,1,1,1
4,23,249,MistoBox,Food and Beverage,Misto Box Coffee Club - Specialty Food,Mixed Team,Samantha Meis_ Conor Riley,http://www.mistobox.com,75000,500000,1,75000,30,250000,1,75000,30,,,75000,30,,,,,,,,,,,,0,1,1,1,1,1
4,23,250,VermontButcherBlock,Lifestyle/Home,Vermont Butcher Block and Board- Kitchen Tools,Male,David Glickman,,400000,1600000,0,,,,,,,,,,,,,,,,,,,,,,0,1,1,1,1,1
4,23,251,SquirrelBoss,Pet Products,Squirrel Boss Bird Feeder - Pest Control,Male,Michael J. Desanti,http://www.squirrelboss.com,130000,325000,0,,,,,,,,,,,,,,,,,,,,,,0,1,1,1,1,1
4,24,252,PinkShutterPhotoBooths,Media/Entertainment,Pink Shutter Photo Booths - Entertainment,Male,Tom Kanemoto_ Lance Yabut,http://pinkshutter.com,300000,3000000,1,300000,33,909091,1,300000,33,300000,33,,,,,,,,,,,,,,1,1,0,1,1,1
4,24,253,KaZAM,Fitness/Sports/Outdoors,KaZam Balancing Bike's - Toys and Games,Female,Mary Beth Lugo,,300000,1500000,1,300000,32,937500,2,150000,16,150000,16,150000,16,,,,,,,,,,,,1,1,0,1,1,1
4,24,254,Baby'sBadassBurgers,Food and Beverage,Baby's Badass Burgers - Specialty Food,Female,Erica Cohen_ Lori Barbera,http://www.babysbadassburgers.com,250000,833333,0,,,,,,,,,,,,,,,,,,,,,,1,1,0,1,1,1
4,24,255,TrackDays,Media/Entertainment,Track Days - Entertainment,Male,James Lavitola_ Brian Pitt,,5000000,14705882,0,,,,,,,,,,,,,,,,,,,,,,1,1,0,1,1,1
4,25,256,StellaValle,Fashion/Beauty,Stella Valle Jewelry - Women's Accessories,Female,Paige Dellavalle_ Ashley Jung,http://www.stellavalle.com,150000,600000,1,150000,35,428571,2,75000,17.5,,,75000,17.5,75000,17.5,,,,,,,,,,0,1,1,1,1,1
4,25,257,GeekChic,Fashion/Beauty,Geek Chic - Furniture,Male,Robert Gifford,http://geekchichq.com,100000,2000000,1,300000,25,1200000,1,300000,25,,,,,,,300000,25,,,,,,,,0,1,1,1,1,1
4,25,258,LugLess,Travel,LugLess - Consumer Services,Male,Brian Altomare,https://www.lugless.com,100000,1000000,0,,,,,,,,,,,,,,,,,,,,,,0,1,1,1,1,1
4,25,259,JonesScones,Food and Beverage,Jones Scones - Specialty Food,Male,J. Jones,http://www.jonesscones.com,100000,400000,0,,,,,,,,,,,,,,,,,,,,,,0,1,1,1,1,1
4,26,260,Ryan'sBarkery,Pet Products,Ryan's Barkery Ry’s Ruffery - Pet Products,Male,Ryan_ Daniella Kelly,,25000,100000,1,25000,25,100000,1,25000,25,25000,25,,,,,,,,,,,,,,1,1,0,1,1,1
4,26,261,VerbalizeIt,Business Services,Verbalize It App - Online Services,Male,Ryan Frankel_ Kunal Sarda,http://www.verbalizeit.com,250000,1666667,1,250000,20,1250000,1,250000,20,,,,,,,,,,,250000,20,,,,1,1,0,1,1,1
4,26,262,TomnChee,Food and Beverage,Tom n Chee - Specialty Food,Male,Tru Quakenbush_ Cory War,http://www.tomandchee.com,600000,6000000,1,600000,15,4000000,2,300000,7.5,300000,7.5,300000,7.5,,,,,,,,,,,,1,1,0,1,1,1
4,26,263,ThreeDayRule,Software/Tech,Three Day Rule - Online Services,Female,Val Brennan,https://www.threedayrule.com,200000,2000000,0,,,,,,,,,,,,,,,,,,,,,,1,1,0,1,1,1
